,University,2014 Authors Mean,2014 Authors Log Mean,2014 Authors Std,2014 Authors log Std,2015 Authors Mean,2015 Authors Log Mean,2015 Authors Std,2015 Authors log Std,2016 Authors Mean,2016 Authors Log Mean,2016 Authors Std,2016 Authors log Std,2017 Authors Mean,2017 Authors Log Mean,2017 Authors Std,2017 Authors log Std,2018 Authors Mean,2018 Authors Log Mean,2018 Authors Std,2018 Authors log Std,Authors Mean Change,Authors Mean Acc,Authors Std Change,Authors Std Acc
0,Massachusetts Institute of Technology (MIT),104.13125,102.85643294108289,18.14425593507489,1.1606595642125912,126.66875,125.65327727528062,17.817379814032698,1.1282493418456108,112.1006289308176,111.40722409542569,13.402897916511197,1.1135333328228902,125.1375,124.7518447480017,11.013904564231543,1.0771552477285922,148.13125,147.8918909996996,9.124227278926135,1.0561886216046816,11.0,0.15208333333332766,-2.255007164037189,-0.5209337214210716
1,Stanford University,80.44375,80.29437275710235,5.032080676767808,1.0620356459855462,115.76875,115.69305274748969,4.2664708410465,1.0364796005044163,128.6125,128.54161916185575,4.309854260877044,1.033613791496483,95.3375,95.2799216666623,3.427622171418542,1.0347967272422192,116.0875,116.0540366344416,2.804878562433672,1.0242277897419005,8.910937500000003,-4.858333333333334,-0.5568005285835339,0.047622075578812595
2,Harvard University - Cambridge,92.3625,92.12934654696816,6.587381403107007,1.073566281547126,118.775,118.68502822678786,4.658258794871749,1.0395469946795257,125.83125,125.78551749026005,3.408118753432742,1.0272672544230126,93.675,93.63181986997462,3.101511728173859,1.0295517577249562,115.60625,115.54752137518948,3.986064592740563,1.031181935150988,5.810937500000001,-1.493750000000001,-0.650329202591611,0.9378918242673208
3,California Institute of Technology (Caltech),78.14375,78.04710300338361,4.040183898970445,1.0500128903826313,81.70625,81.63286225483586,3.571758801696995,1.0426324243986695,104.41875,104.35679997469343,3.787267938435316,1.0341617858421102,122.15625,122.10303577834758,3.7890415592204842,1.0292266202915767,144.83125,144.81452570147874,2.23948061779959,1.015181065727806,16.671875000000004,6.370833333333337,-0.45017582029271364,-0.36037861471581484
4,University of Oxford,92.56875,92.10410330907563,10.123994934683639,1.1013071430208183,120.8125,120.5923598386495,7.886846248659853,1.0599594017327976,128.55,128.3726287429638,7.266188822209343,1.0520357478196916,96.96875,96.56803559989204,10.245378150048928,1.0882245784414035,117.35625,117.14431828716681,7.821722057034498,1.058812370688568,6.196875000000002,-2.618750000000001,-0.5755682194122851,-0.06216913566354817
5,University of Cambridge,86.09375,85.77743055769861,8.80681332477872,1.0818622185241085,115.31875,115.14054865999621,7.318104155961418,1.0534607652859505,125.7375,125.55068677966716,7.492902892070591,1.053586885738334,95.10625,94.6566193491579,10.778216964669992,1.0945410996616778,114.89375,114.66681770990841,8.101386358982015,1.0612022531193304,7.199999999999999,-3.1458333333333335,-0.176356741449176,-0.3960404789568918
6,ETH Zurich - Swiss Federal Institute of Technology,77.59375,77.53378829365963,3.2907006757680044,1.0386348906680283,82.8375,82.80959889528131,2.1877142752196903,1.0260711968790786,106.33125,106.28093729894069,3.302881081343983,1.0310949996177927,122.575,122.56600912578016,1.5105876340020785,1.0120808617606292,140.025,140.01052399345065,2.0339309231141574,1.0144114169452847,15.607812500000001,4.068749999999999,-0.31419243816346176,0.5421098965534643
7,Imperial College London,89.025,88.11731124892358,14.07166923289486,1.146750663394077,88.23125,87.62079831440371,11.655589793635516,1.118099092827196,109.125,108.72917214396716,10.081387553308325,1.0854313413246879,125.59375,125.26809647399797,10.23797885021746,1.070146742075545,147.61875,147.3853772935437,9.020027629530855,1.0554731882360076,14.6484375,7.606250000000003,-1.2629104008410015,0.3993760728575803
8,University of Chicago,105.8875,105.12711095826123,14.29334963365831,1.119985551221664,128.43125,127.6696720109101,15.770471566744634,1.1083206419524756,138.16875,136.8260393232691,22.047455033121167,1.1397318057207415,129.85,128.89479792531645,18.110839295847146,1.1201879127578467,154.33125,152.81276130568145,25.088025498980567,1.1397353317968275,12.110937500000002,0.645833333333338,2.698668966330564,1.8333547566823658
9,UCL,90.93125,90.67622175907154,6.9219956253597825,1.077191279343006,119.15094339622641,119.07024593939737,4.418640730185737,1.037353538877194,129.85,129.82429512661298,2.571964229922334,1.0201451337948257,94.875,94.8467919568673,2.496873044429772,1.0237730601026027,116.925,116.89651415522877,2.6799020504488555,1.0219207869992581,6.498437499999998,-2.0565644654088024,-1.0605233937277316,0.8954613003977098
10,National University of Singapore (NUS),21.98125,20.495202408181477,10.811146952913917,1.4002096952104655,22.875,21.64742491885598,9.215306560283278,1.359957446952914,23.31875,21.969110479148373,9.455403134583946,1.3797274962977653,24.00625,22.390625439528826,10.983224068437284,1.4105401313195507,24.3375,22.60164853341059,11.003912656414519,1.4320939707266085,0.5890624999999998,-0.1875000000000012,0.04819142587515035,0.5388429935359582
11,"Nanyang Technological University, Singapore (NTU)",22.40880503144654,20.932590848486726,10.239407065969017,1.4023388813767739,23.0125,21.599760990166246,9.565555067532681,1.3952808732460644,24.6875,23.060885334764897,10.607890636219814,1.4152157648702297,25.7375,24.399698033062297,9.142269617004308,1.3720181544532293,23.33125,22.083128484687126,8.868287514368262,1.3683849498105614,0.23061124213836504,-1.0033149895178195,-0.34277988790018865,0.13328996526676326
12,Princeton University,84.93125,84.48070783369428,8.895309069251043,1.107738384416375,86.1,85.92921104996127,5.461455849862747,1.0648162928345106,106.5,106.41934780093628,4.172828776741265,1.0395582494693985,121.93125,121.91825289377266,1.8101169679056723,1.0145874333587204,145.69811320754718,145.68474743645282,1.9834368145335426,1.0136035927876526,15.191715801886794,7.532704402515729,-1.727968063679375,1.2023910220053888
13,Cornell University,76.85,76.84402123382104,0.9630680142129139,1.0125233210093847,81.71875,81.71169065912103,1.0791887867745846,1.0132002229252797,105.38125,105.33324616123319,3.2071636125243095,1.0305201020269414,123.275,123.27334223481888,0.6417748826496712,1.0051895723985163,145.6625,145.65200449325926,1.7531667775770816,1.0120613035552344,17.203125,5.839583333333327,0.1975246908410418,0.33175704078858
14,Yale University,90.63125,90.36139710745692,7.1077614927275174,1.0796308517166169,119.14375,119.0256365806747,5.35822600657158,1.0453235037309276,126.40625,126.2903581658212,5.6272738459666245,1.0429413635082185,94.7125,94.62559049912187,4.30608218105508,1.0425049291655746,116.775,116.67786418550757,5.085457206584286,1.040325504499237,6.535937500000003,-2.150000000000001,-0.505576071535808,0.8429701705617143
15,Columbia University,85.225,85.18385413836626,2.729354319248413,1.0310894602196061,114.81875,114.79794865896794,2.232912545869176,1.0190125818505194,124.4125,124.36130835442933,3.6952461014119264,1.028605092586933,93.5375,93.47931578785827,3.4548652289199304,1.0351032803432987,121.53125,120.76386754228328,14.49220560982696,1.1155051422245246,9.076562500000001,-0.5333333333333314,2.9407128226446373,3.8445940514287558
16,Tsinghua University,71.78125,71.75846406351835,1.912694026105587,1.0248193577055722,88.5375,88.17841180354465,9.08149732973587,1.0883239440319732,123.46875,123.23704191310145,8.227181986409441,1.0605875552768351,96.7125,96.05922236912969,12.792765289412623,1.1156094786538537,124.1625,122.47436414137864,22.98692223308728,1.1694911632353837,13.095312499999999,3.5645833333333314,5.268557051745423,1.0084512133481252
17,The University of Edinburgh,88.69375,88.28972358223025,9.60338278615925,1.0943370889237034,117.4125,117.17003351733611,8.275254905439493,1.0634782314954412,125.11875,124.94054365642621,7.347934977767556,1.0522493532866024,95.24375,94.78233992162215,10.87930769569002,1.0960089329496268,115.025,114.7905857520948,8.207428038064016,1.0623338856412405,6.582812500000003,-2.9791666666666665,-0.34898868702380836,-0.447917258968749
18,University of Pennsylvania,89.09375,88.8215301211958,7.099997249119186,1.0805785847430682,118.25625,118.15389250576496,4.961409672411664,1.042315825455183,125.975,125.9311096788266,3.340939239196072,1.0266885153475969,93.3125,93.30313643743744,1.3237612133613827,1.0142579068194835,122.1875,121.46207811121008,14.121432071500397,1.1118267689481078,8.2734375,-0.09583333333333144,1.7553587055953028,4.978752811615512
19,University of Michigan,98.06875,97.77716659966556,7.398582528937553,1.0811804580397213,123.16875,123.10302698569922,3.973697703336275,1.0334261634165463,130.225,130.17668262986936,3.5583528492829375,1.0275859048747764,95.7125,95.62080821581742,4.649445531458553,1.0425099549588517,124.45,123.81273242997658,13.268289264257104,1.1037976881947562,6.595312500000002,1.2124999999999961,1.4674266838298882,4.014576186133277
20,Johns Hopkins University,84.15625,83.82062780502699,7.58662216915407,1.0930860078767948,86.05,85.88559092107182,5.389573266966504,1.0633927210554222,105.65,105.59705010560674,3.3674916480965464,1.0320620711358892,123.43125,123.42495073946012,1.2630413443351716,1.0100897027484212,145.8,145.78625126947694,2.011839953873073,1.0137953865304061,15.410937500000003,6.825000000000003,-1.3936955538202491,0.9819491705751556
21,EPFL - Ecole Polytechnique Federale de Lausanne,72.68125,72.59307122691081,3.8265060352102,1.0488404711318338,63.23125,63.13413877229491,3.8000359784480793,1.0547172041709736,51.6375,51.449894869471414,4.9780612440989405,1.0836881300709957,71.84375,71.79477341268519,2.8274256732052216,1.0364299815710258,56.4625,56.32568352534106,4.390170127682993,1.0681851593617353,-4.054687500000002,-1.9770833333333329,0.1409160231181984,0.5297381704132974
22,The University of Tokyo,85.9375,85.89341237572502,2.825525393621512,1.0321310746192511,116.3,116.23986634638155,3.8564880396547325,1.0321888521910416,125.39375,125.25751496102907,6.126884276489958,1.0466258611168304,94.36875,94.25452974286607,4.90869365895857,1.0490725818831022,115.3875,115.3079577661727,4.477705187928289,1.037016380587008,7.362500000000001,-3.1145833333333335,0.41304494857669427,-0.487317039021167
23,The Australian National University,17.08125,16.32509161732624,7.117734782745131,1.299398771355752,15.775,14.801238424396498,6.92635365831113,1.3937650786175932,28.4875,28.38857575454948,3.074059815618442,1.0764759880550283,32.60625,32.47695047956306,3.614375594414605,1.0836063662600464,14.5375,13.892523897930307,5.248675428143759,1.320629462216571,-0.6359374999999998,-5.587500000000001,-0.4672648386503431,0.6085603193877184
24,The University of Hong Kong,18.575,17.355438575386838,7.987138098217668,1.4128914834830084,75.04375,75.04339228623293,0.23310070248714532,1.0030831498816606,121.1,121.09862279861159,0.5830951894845293,1.0047577161877264,92.1875,92.18504372112207,0.6817945071647321,1.0072791557298677,113.125,113.12349437007403,0.5889609494694873,1.0051492966722848,23.6375,-11.84375,-1.849544287187045,2.5537346126784257
25,Duke University,90.1,89.81061431542146,7.357988855658866,1.0827241047580627,118.4875,118.39029677368839,4.836046293202748,1.041188692774896,126.15,126.10783053573401,3.275286247032464,1.026141965372445,93.3375,93.32710501433684,1.3959203952948058,1.0150212811905845,115.65625,115.64154832258714,1.8474539067321816,1.0160584597606512,6.389062500000001,-2.0229166666666694,-1.3776337372316712,0.9911586912978313
26,"University of California, Berkeley",85.725,85.56724124421054,5.3197156878915965,1.0618600553500428,116.18125,116.07552347996875,5.048356013347323,1.0431915110382495,125.28125,125.2241591015031,3.8538485229053827,1.030366816449308,94.29375,94.21869604004198,3.8415440824621574,1.040288347571348,243.0,178.0557448544853,718.7996156788065,1.5542267561168528,39.31875000000001,39.41666666666667,178.36997499772872,238.40981042362955
27,University of Toronto,85.08125,85.05504343171026,2.1504995785863406,1.0249053991359063,115.55625,115.5294759605937,2.5415223661223196,1.0215292739138635,123.09375,123.054105561081,3.2706973167048035,1.0251232449132581,93.6,93.56358489630503,2.775337817275574,1.0274506491793396,114.09375,114.08766999270411,1.1978985505876532,1.0102903084661847,7.253125000000001,-3.3270833333333343,-0.23815025699967185,-0.6561540180746332
28,The University of Manchester,96.69375,96.13576134242737,10.921307656938342,1.1111670201471247,122.225,121.98462197824249,8.166203218142437,1.062865522514313,129.55625,129.37179691804658,7.3669421022226045,1.0531588428528353,97.54375,97.11544751563339,10.487401295721455,1.0917817070873594,118.2,117.97808063628013,7.95282968508694,1.0603400793868496,5.376562500000002,-1.625,-0.7421194929628505,0.07351094272046381
29,Peking University,80.74375,80.5815925700338,5.332971586039065,1.06417473614521,83.075,82.93222974861247,5.1859786925902345,1.0585673363152126,108.51875,108.38120916824776,5.563240821454704,1.0512133867110318,121.925,121.87831087985128,3.5418039189091264,1.0274079729667138,146.26875,146.21068055171514,4.331168830408257,1.0279001049895666,16.38125,7.337500000000006,-0.25045068890770206,0.31211926831598696
30,King's College London,80.05625,80.05584460860203,0.2560975156068469,1.0031792033232025,108.13125,108.13066825380984,0.35570133187830616,1.0032809889189922,123.13125,123.12971496255915,0.6237174340196054,1.0049701378491387,82.64375,82.58657727700039,3.382578297319973,1.0361188579850864,88.43125,88.41030947257002,2.0421247360286405,1.0213601006740793,2.09375,-7.42916666666666,0.4465068051054484,-0.48001912585426404
31,"University of California, Los Angeles (UCLA)",84.3125,84.03328509163573,6.958975768746432,1.0842613660617584,85.65625,85.51997781933557,4.882426234721832,1.0577515551418095,108.36875,108.31930785600274,3.2607933754686145,1.0307365163591953,122.7875,122.77253881995027,1.9409646441911275,1.015636354414861,146.525,146.5080714840196,2.2664675157610383,1.0151854924643733,15.553125000000001,7.464583333333337,-1.1731270632463486,0.8006841351981704
32,McGill University,87.875,87.74308859061192,4.907583417528428,1.05580367686112,116.73125,116.65641273522434,4.259873641025063,1.0361149786497006,124.94375,124.91245659591058,2.8311810146121097,1.0224947252948455,93.98125,93.93675595733572,2.946336443364876,1.03096023308122,114.38125,114.340489428596,3.1061871221000086,1.0268261633086397,6.626562499999999,-2.8187500000000036,-0.45034907385710476,0.2691868184128324
33,Northwestern University,84.475,84.03175445358664,8.847280655659121,1.1068127306022626,86.2125,86.06394849498666,5.101945094765333,1.06024983202079,108.71875,108.61008706558651,4.927184636026947,1.0454503662649268,123.2875,123.24413195194663,3.4521505978157956,1.0261615805971016,146.65,146.63159252528746,2.3270152556440205,1.015959508165447,15.543750000000003,7.208333333333333,-1.630066350003775,0.8734000729073377
34,Kyoto University,84.65625,84.62000427281902,2.552074829917806,1.0292575354044626,114.925,114.89329706775857,2.7851166941440604,1.0234004464006974,124.275,124.2364649944852,3.1681027445460286,1.0249224252246314,93.08125,93.05379965078541,2.307519975536512,1.024332840565807,114.16352201257861,114.13256774409831,2.7216213578587896,1.0232857580832229,7.376818003144653,-3.0621593291404614,0.04238663198524584,0.06035317269867443
35,Seoul National University,25.28125,24.656997616099623,6.547109930152388,1.235022971779316,61.08125,60.85733160488083,5.414069489533728,1.088075730194164,108.95625,108.82537362348522,5.509476920497984,1.0494948328219713,122.2625,122.18181406409639,4.684398974254869,1.0360353438891574,145.8875,145.8482483496902,3.5177896113895164,1.023026205188805,30.151562499999997,-4.058333333333337,-0.7573300796907179,-0.01118964074889739
36,The Hong Kong University of Science and Technology,14.38125,12.677989712410872,9.792134518964692,1.5696149321729163,80.225,80.1983086140542,2.2938777212397294,1.0248078489895796,121.0,121.00000000000132,0.0,1.0000000000000107,92.2125,92.19365411226035,2.013664259503056,1.0196479734080517,113.2125,113.18733214565958,2.6014118762702667,1.0204054478138005,24.707812500000003,-14.947916666666666,-1.7976806606736064,2.695334804830724
37,The London School of Economics and Political Science (LSE),5.04375,4.5506675287560805,3.042094005368669,1.5103823377697108,5.16875,4.694083620861155,3.068431755392323,1.484101913652459,5.3625,4.732803532657937,3.167190197951495,1.5947143278320706,6.80625,6.5733512354343,2.375649582219568,1.2608022361965932,9.39622641509434,9.278037553813082,1.9458676353741493,1.1499099434462594,1.088119103773585,0.8216588050314465,-0.27405659249862996,-0.1520398989563574
38,The University of Melbourne,84.8625,84.84598449147671,1.7302004941624545,1.019601951122091,115.15,115.13090410081723,2.1424285285628533,1.0181846476374776,126.9625,126.89534009562618,4.232150015063263,1.0326739174006685,93.75,93.70915468956103,2.9368350311176825,1.029097118567122,115.95625,115.93568712225299,2.2173939518046875,1.0188700281776073,7.7734375,-2.6937500000000036,0.12179836441055825,-0.3772230379044646
39,KAIST - Korea Advanced Institute of Science & Technology,14.5125,13.8708774840373,4.959822955509595,1.3301315591343827,14.91875,14.127015766940355,5.752142943069129,1.3620465648754636,14.625,13.85156895949104,5.645518133882842,1.3619435325677274,14.68125,13.91965498724849,5.343654969915257,1.3657288240997856,14.34375,13.676946129800056,5.089261826385041,1.3377359586528832,-0.04218749999999982,-0.24791666666666679,0.03235971771886148,-0.3489043770299167
40,"University of California, San Diego (UCSD)",77.3875,77.37206095268587,1.5611994587495845,1.0200771477673782,81.65,81.6346555491554,1.605459435800234,1.019438401606523,103.425,103.42162521010697,0.8407585860400089,1.0080858642408717,122.36875,122.36513392660126,0.9461889015941747,1.0076950878912503,144.15625,144.15579418044183,0.3630921887069453,1.0025159183634018,16.6921875,5.841666666666664,-0.2995268175106598,-0.20911889664595962
41,The University of Sydney,84.6125,84.5921847881807,1.9364513291069378,1.0216810978980781,114.44375,114.42840666570356,1.9292060381151657,1.016271319756741,122.5625,122.54225536788252,2.298606915068342,1.0180559996181653,92.55,92.53810139540332,1.5198684153570685,1.0159740349695983,114.075,114.01308597488446,3.9663427738913217,1.0326020947441674,7.365625000000001,-2.768749999999997,0.5074728611960959,0.8179065498420085
42,New York University (NYU),84.3375,84.32277344669194,1.6236051706002939,1.01858372668057,114.3375,114.33204609329542,1.134060734705161,1.0097400357483377,123.425,123.41361556474024,1.7122718826167826,1.0135304612988423,92.85,92.801467343813,3.1368774282716374,1.0321432810491384,113.36875,113.36519593139677,0.9056894818313829,1.0079146142505655,7.2578125,-3.160416666666663,-0.17947892219222772,-0.5805478368483739
43,Fudan University,18.46875,17.22014401085524,7.88187943561052,1.4246826919977928,19.09375,17.99882668797374,7.453016901731808,1.383327828322912,18.65625,17.798999851547034,6.349258691965543,1.3403659122832945,19.00625,18.058896877818288,7.108530856478013,1.349217920973418,20.20625,19.325103887265854,7.235413667337893,1.317883055751148,0.4343750000000002,0.19166666666666643,-0.16161644206815673,0.18524844824619713
44,The University of New South Wales (UNSW Sydney),18.9125,18.037793863544604,6.710427985605685,1.335773332892367,19.90625,18.90801612598844,7.6866742442684535,1.345232328896112,20.95625,20.003305600417555,7.341957227980831,1.3336528198118327,20.71875,19.986605809445734,6.204002614240261,1.2909486405245252,21.0375,20.330786970200347,6.220819379310096,1.2816929876230931,0.53125,-0.22499999999999906,-0.12240215157389733,-0.31980983119764456
45,Carnegie Mellon University,82.84375,82.47852299948943,7.919554023901851,1.0976711107217696,84.61875,84.43536805135646,5.7237136928308985,1.0672003641865557,105.25625,105.19807172275537,3.5623848665606124,1.033517815949764,121.1125,121.08526912182424,2.7179668412252678,1.0208434516960698,145.38125,145.3475585005585,3.276568088335717,1.0212830911176047,15.634374999999999,7.497916666666664,-1.1607464838915336,0.918147192727134
46,University of British Columbia,87.925,87.80028024885804,4.793941489004639,1.0540827416168637,117.4875,117.41795203812674,4.10180981397237,1.0347571841408323,127.21875,127.18391931161773,2.978405351442278,1.0236726799532814,94.45,94.40933567120197,2.814693589007512,1.029551521506465,117.03125,116.99470995488574,2.9525875833749624,1.0251865553532897,7.276562500000001,-2.3270833333333343,-0.4603384764074191,0.2766752231332397
47,The University of Queensland,19.1125,18.15064961277064,6.802561557972114,1.359310720308475,20.1125,18.996603025989884,7.502489170268757,1.3819593036129716,20.38125,19.28200185093105,7.87549353612205,1.3674856835669815,20.08125,19.19278133520014,7.053343068184047,1.3237816793071433,22.09375,20.852732445717898,9.077304717673634,1.371439082223419,0.7453124999999998,0.33749999999999974,0.5686857899253801,0.4413446790643147
48,The Chinese University of Hong Kong (CUHK),3.0625,2.807189843911287,1.4945212444124036,1.4790880817930108,3.38125,3.0019853746486898,1.9521522577657737,1.5779800381548126,3.73125,3.3402670803142804,2.051590465346343,1.5627842250155572,4.425,3.80272002503921,3.1692861972374833,1.6502858197781616,5.275,4.71776802729637,2.966374049239239,1.553746778145611,0.5531250000000001,0.17708333333333348,0.36796320120670883,-0.22018105378387146
49,Université PSL,35.6875,35.59587745418835,2.6930175918474797,1.0725982081963088,21.35625,20.713197527577968,5.988892713807788,1.2653022467523933,46.48125,46.33002124909386,3.7814875958410847,1.0838875234367686,29.275,29.084059404308363,4.210032660205867,1.1084379880564434,23.50625,23.059479367249974,7.289544631696818,1.1745363776562596,-3.0453124999999996,2.8541666666666665,1.1491317599623345,-0.07212105015645258
50,University of Bristol,79.09375,78.37970021932051,12.881574474321841,1.1302119265229005,83.46875,82.93356958195098,11.081472078992935,1.1105242373730333,106.3,105.92633941044718,9.929627384751155,1.082787584133546,125.40625,125.08021698203801,10.248351620504636,1.070195756738701,146.10625,145.86521875751677,9.180547964990973,1.0564952269249666,16.753124999999997,5.441666666666663,-0.925256627332717,0.2440995799384146
51,Delft University of Technology,14.6625,13.796184910981514,5.642348247848582,1.397174692137013,14.325,13.441304745974985,5.926160223956143,1.3970549725959747,14.7625,13.90441707925573,5.903904957737713,1.386013395980105,15.025,14.15805208660078,5.678853317352016,1.3931110625738408,15.28125,14.421451471626204,6.147328561049913,1.3735800202138808,0.1546875000000001,0.19791666666666666,0.12624507830033282,0.06155442253011204
52,University of Wisconsin-Madison,100.53125,99.61920093006812,15.447055494090128,1.1350260678583846,125.56875,124.67315327512101,16.819490879259693,1.1199273670672474,134.4,132.92178311928927,22.873346934806047,1.149232282173127,126.4875,125.49767254844073,18.375590976891054,1.1235243260797076,153.8,152.265614984259,25.21105908128414,1.1406548964350527,13.317187500000003,0.75833333333334,2.4410008967985033,1.8210109064078406
53,The University of Warwick,88.46875,88.06338658220864,9.620240300403104,1.094556392384998,117.24375,116.99966480282649,8.301917606041364,1.0637227380735774,124.68125,124.48961426006947,7.5360565574775435,1.0546217233472641,95.80625,95.34702224600414,10.819251865886985,1.0958463299787582,115.9375,115.68520932872735,8.43851845705157,1.0649540819772412,6.8671875,-2.8812500000000036,-0.2954304608378835,-0.35413690482455823
54,City University of Hong Kong,14.8125,13.205285384976529,9.533616509488935,1.5390333593311267,14.96875,13.4562274566242,9.899761281844123,1.4999125195106686,14.99375,13.388203940754211,10.447784977568196,1.5177853449671206,16.41875,14.691562569680146,10.669742191707362,1.5251696184937193,16.95,15.257853493359413,10.33670643870669,1.511114844467282,0.5343749999999998,0.125,0.20077248230443878,-0.2330601751186201
55,Brown University,83.44375,82.93459956977178,9.475459668929005,1.115341814362648,85.28125,85.11463789819705,5.413145891023075,1.0640355116199787,106.15625,106.06932532476445,4.338125855424206,1.0411033045126075,122.50625,122.50226557513574,0.9937106910464456,1.0080748117253788,145.6625,145.64998021176228,1.9166621376758108,1.0131740680158425,15.5546875,7.106249999999998,-1.8896993828132989,1.6617550748450984
56,University of Amsterdam,84.10691823899371,84.10520263073137,0.5447426831077324,1.0063631569575469,114.35,114.34125567220096,1.4628738838327815,1.0122356722993544,123.34375,123.3404072009741,0.9154703367668448,1.0073596391295012,92.6375,92.60871620374176,2.3991860598961527,1.0247642018311771,113.59375,113.5618166425039,2.8488964420455862,1.0233312884644374,7.3717079402515715,-3.0956105870020942,0.5760384397344634,-0.1561402728585386
57,Tokyo Institute of Technology,84.78125,84.72582879022248,3.1378174640185814,1.0363975690257332,115.59375,115.55280284764213,3.154950227420395,1.026639229552906,125.19375,125.13517095397434,3.889885722935824,1.030828802019893,93.50625,93.46552600365794,2.8262096414632767,1.0295996440644728,114.875,114.84042211172803,2.8825986539926087,1.0245634053887451,7.5234375,-3.147916666666665,-0.06380470250649317,0.013085416375839523
58,Monash University,18.0125,17.258948581697062,5.878974719285667,1.321467238285069,18.1,17.29302130156494,6.410148204214942,1.326952150077483,29.1625,28.96626305622124,4.00138647845967,1.1132332635890936,31.95,31.84141091643406,2.993325909419145,1.080755058635022,62.36875,62.34998693771952,1.5993040478595655,1.0242847256096528,11.0890625,10.110416666666666,-1.0699176678565254,-0.6417317821629516
59,Shanghai Jiao Tong University,82.11875,82.11723141927646,0.5046270281108621,1.006068454094611,113.88125,113.79346631363552,4.819714559753491,1.0385573318361148,123.71875,123.67506373927269,3.446323902000507,1.0263015591805154,90.44375,90.28166897019698,5.8946446828880505,1.0590991959001885,114.425,114.2812648623799,6.203376096933049,1.0494041522237096,8.076562499999998,-2.593749999999995,1.4246872672055466,-1.33545203919921
60,Technical University of Munich,24.5875,23.820695088916924,7.117221631367123,1.2660672935414126,27.375,26.77138080408195,7.1166617876642135,1.2127569740100708,40.3,40.16447344599248,3.6908671067921204,1.0809360944404696,33.61875,33.30118909938007,5.1415852066750825,1.1399736561882514,34.35,33.96593044480525,6.074742792909016,1.1488056254858243,2.4406250000000007,-0.6854166666666662,-0.26061970961452663,0.31123914331228103
61,Ludwig-Maximilians-Universität München,92.38125,91.93226074569606,9.251940252590265,1.1029307091507237,119.3875,119.2776067062975,5.156291666498322,1.0437066593522575,126.68125,126.60431187758807,4.441806888812246,1.0353650019187601,93.6,93.58148756792627,1.8881207588499238,1.0199506432234955,115.80625,115.7876754294517,2.10207300955509,1.0179550411489913,5.856250000000003,-1.599999999999999,-1.7874668107587937,1.4365336122657029
62,University of Texas at Austin,80.74375,80.55737425934171,5.624996527776703,1.0694559536364665,112.79375,112.6809446577618,5.173365532948547,1.0451731681009682,125.28125,125.1764596765806,5.393482032741001,1.0407133599427651,92.44375,92.32952964480815,4.809816622024155,1.0498556284078482,115.45,115.31988755608874,5.804954780185606,1.0472888646979337,8.6765625,-3.0145833333333294,0.044989563102225905,0.48225638432986884
63,Ruprecht-Karls-Universität Heidelberg,89.575,89.19624319433944,9.343145883480583,1.0907240151558995,118.99375,118.75443184145092,8.225339563659368,1.0628141639847528,126.55625,126.33672154067784,8.133070511037014,1.05806541902449,96.0125,95.54987123526125,10.897240189607663,1.095911518536691,117.03125,116.73465765770617,9.154522021247205,1.0703951260681632,6.864062499999999,-2.800000000000002,-0.04715596555834445,-0.2083039495130811
64,École Polytechnique - Palaiseau,79.33333333333333,79.2184526265505,4.386466704165264,1.054558753913571,83.05625,82.96111545341638,4.051615225746388,1.0485744061255535,106.54375,106.29504519446967,7.764379301496055,1.0684873776630974,123.43125,123.12489953152199,9.754243868055603,1.068916180387941,145.94375,145.73755918687692,8.396611574766336,1.0524632267149694,16.652604166666666,6.263194444444437,1.002536217650268,-0.34092693829013027
65,University of Washington,92.6,92.14989961493394,9.256889326334196,1.1030382162677503,119.25625,119.14782435775355,5.118894991841502,1.0434317561633095,125.58125,125.49429191973486,4.736126944825283,1.0376750944842228,93.53125,93.49847109136006,2.6265992152401174,1.0260735633155933,115.75625,115.7419270234622,1.8294359615739533,1.0158195197277953,5.7890625,-1.4770833333333353,-1.8568633411900606,1.11361036027551
66,Osaka University,84.94375,84.92936828934849,1.601744654275453,1.0183490938549635,114.175,114.16972096234022,1.1377060252982698,1.009492221660976,124.30625,124.28585083262735,2.2748540475160124,1.0181901767200432,92.33125,92.32712647550633,0.8854509797272814,1.0094269508605052,113.175,113.17333980937276,0.617960354715415,1.0054094177888397,7.057812500000001,-2.7958333333333343,-0.2459460748900095,0.06551600132177215
67,Zhejiang University,24.81875,23.516990317912462,10.675832447050693,1.3428264272880004,35.21875,34.899276772147005,6.239663327255727,1.126080381622689,26.46875,25.557710148078538,9.317940944087379,1.2633468322751116,33.23125,32.64823987635111,8.379455438004353,1.178970669207449,37.38993710691824,37.066938182054685,6.098676987866579,1.1260515922208174,3.1427967767295595,-2.080437631027254,-1.1442888647960285,0.7184635565523975
68,Georgia Institute of Technology,17.9625,16.629156116908927,9.342702700503747,1.423820355788688,18.1875,17.085661092604308,9.533616509488935,1.3543610050406631,28.4375,27.97180036584511,7.7416790007077925,1.1630653445025,31.53125,31.124899130733365,7.122957492327187,1.1474222024187979,18.6625,16.558398971932775,14.367884108316014,1.5071102250146722,0.1750000000000007,-4.364583333333333,1.2562953519530669,2.3513376023345463
69,University of Glasgow,92.85625,92.40570123883522,9.994277659616024,1.0994605057226543,120.08125,119.85326597952974,8.01480807240572,1.0611918802782077,129.25,129.0828700904706,7.084313657652377,1.050278474773278,95.525,95.08780837909656,10.596550146156082,1.0932130253567154,117.3,117.08549319001423,7.8627285340395705,1.0592134102140143,6.110937499999999,-1.8166666666666675,-0.5328872813941135,-0.2514506749687353
70,University of Illinois at Urbana-Champaign,1661.4715447154472,304.79373887389596,2286.0976596271867,11.09631163432621,118.93125,118.8318013998949,4.888918432281311,1.041643504355523,126.49375,126.44180948864258,3.6434819798511406,1.0290021515718566,93.4625,93.41775918102184,3.010165070224557,1.0308225908498108,116.40625,116.37886706556792,2.552687003433833,1.0218097369415933,-386.2663236788618,521.828014905149,-570.8862431559382,760.2504210427049
71,National Taiwan University (NTU),77.0375,76.98162796256513,3.1182677482858945,1.0376547136299523,81.61875,81.56781266905512,3.0880250059706498,1.0347454170000723,103.675,103.63152637721734,3.183060634043914,1.0285325403754901,123.275,123.26115645501395,1.9168659316707706,1.0148239294234125,144.8625,144.81227583448498,4.013239807188226,1.026012823620855,16.956250000000004,5.668749999999998,0.22374301472558294,0.7088722059442333
72,Universidad de Buenos Aires (UBA),83.54375,83.52710968473272,1.7169991081826457,1.0198655598822406,113.28125,113.27506359521333,1.2050512177911776,1.010412980210208,123.35625,123.34543060670865,1.6708787919834331,1.0131833406551531,92.6625,92.62199877367343,2.872036516132752,1.0293036899473056,113.1125,113.11119497695019,0.5475799028452375,1.0047965180074019,7.392187499999999,-3.0958333333333314,-0.29235480133435204,-0.6041695742986822
73,Durham University,90.1,89.81061431542146,7.357988855658866,1.0827241047580627,118.4875,118.39029677368839,4.836046293202748,1.041188692774896,126.15,126.10783053573401,3.275286247032464,1.026141965372445,10069.0,10069.000000000007,0.0,1.0,115.65625,115.64154832258714,1.8474539067321816,1.0160584597606512,6.389062499999909,-3327.2437499999996,-1.3776337372316712,1.4564654897294333
74,Sorbonne Universite,92.78125,92.17725542082924,11.255927258005002,1.117765363985443,121.3625,121.15275381583257,7.708345720710773,1.0583856212215113,129.9125,129.71739792318155,7.563388377572592,1.05472135204712,98.05625,97.62209046303256,10.538765864061101,1.0924190711326647,69.59375,69.35412614744016,6.255294632349463,1.0832332134925409,-5.796875,-19.014583333333334,-1.2501581564138848,-0.24529656480580334
75,The University of Sheffield,84.45,84.43949278886616,1.3729530217745938,1.0156641284595358,114.1375,114.13498266041191,0.7704503553117487,1.0066098529532903,123.09375,123.0694069314477,2.5539109102511777,1.0196753118622586,92.54088050314465,92.51268093585765,2.469288437634666,1.024047339651451,113.41875,113.41166591995638,1.2916649865580454,1.0111345817020234,7.2421875,-2.9365435010482153,-0.02032200880413715,-0.1917069282045918
76,Tohoku University,25.41875,24.592392322719782,7.601374772861828,1.2710701180313626,24.10625,23.640077150960842,5.3904972810956835,1.205189971751979,26.09375,25.53149884224042,6.143896234271865,1.2184756310765579,21.78125,21.001259174349087,6.775573661137483,1.2871064627554447,27.375,27.107613479322474,4.280405938693198,1.1426348796480363,0.4890625000000002,2.3020833333333335,-0.8302422085421575,-0.09476341022604699
77,University of Zurich,79.61875,78.91638854736117,12.760227209477891,1.1289680677378058,84.71875,84.20024647175775,10.899066402105275,1.1083554358918735,107.74375,107.35655671724233,10.025122739273577,1.0844655949491708,125.58125,125.25158644538256,10.301985169737964,1.070593280487974,147.84375,147.60930953202407,9.03503380942761,1.0556012670401476,17.05625,5.720833333333336,-0.9312983500125704,0.19806981568742069
78,University of Birmingham,86.7875,86.38470519535882,9.875087024933002,1.093004985141901,116.975,116.70044539838828,9.037387620324782,1.0667648938475087,126.6625,126.35251298039607,9.70752768474032,1.0692314077518381,96.34375,95.72641403416714,12.68022420690975,1.111140260484476,115.89308176100629,115.54530504266214,10.03928835269391,1.076144235532989,7.276395440251573,-3.5460560796645715,0.041050331940227114,-0.6010788165358735
79,University of Copenhagen,84.45625,84.44098075123881,1.661501109689663,1.0188752323941208,114.8625,114.81567584406791,3.4305384052652754,1.0283202404476177,124.39375,124.30307130352229,5.081949521345131,1.0376230095477739,92.825,92.75932125105093,3.7873968632822126,1.0368036392941846,113.7625,113.7132875397836,3.585539534017168,1.0288335073718395,7.326562500000001,-3.15625,0.48100960608187626,-0.6569648749468856
80,KU Leuven,24.14375,23.169265516162007,7.782068230072267,1.3132543355035486,24.11875,23.25347740058899,7.274417395056463,1.2936011939716174,25.10625,24.253810241017344,8.035543599377714,1.2747599935584149,21.81875,20.914343516306822,7.045274901485393,1.3203021940971176,23.40625,22.529728675053683,7.409703836018009,1.2979482635423776,-0.18437500000000018,0.5375000000000002,-0.09309109851356445,0.29069325651614
81,University of Nottingham,20.18125,20.068270909243285,2.407986386485605,1.1053773279404269,13.7875,13.29003701570504,4.37090880138216,1.290235326299971,30.54375,30.40850047428961,3.0635903671183002,1.0962273880444537,14.55,13.721122579065803,6.2407932188144155,1.3678654622987765,15.2875,14.351956835355551,6.598662269733162,1.3853489143503595,-1.2234374999999993,2.3770833333333314,1.0476689708118894,-0.5350177879926027
82,Pohang University of Science And Technology (POSTECH),12.275,11.402060433167717,5.299705180479389,1.4448864505005226,12.5625,11.65998244466481,5.476868973236442,1.4443259480767687,11.9375,11.239837562093303,4.784986285246803,1.3851107167618704,11.025,10.11358403949059,5.731437428778242,1.463096888610156,11.89375,10.993637426156592,5.768011870436811,1.444619951907161,-0.09531249999999991,0.19375000000000023,0.1170766724893555,-0.04686311703282797
83,"University of North Carolina, Chapel Hill",17.39375,16.46375552685201,7.862169607525653,1.3493050727480052,17.20625,16.539234065867237,7.022372173097913,1.2772547427323981,18.465408805031448,17.445653642554674,9.175973462462814,1.3464119932886696,18.575,17.595903284812003,8.337827954569475,1.3424830965693684,19.31875,18.41262732963302,7.8464736307146215,1.3223658970840708,0.4812500000000002,0.3104166666666674,-0.003923994202757797,0.11614770352429549
84,The University of Auckland,76.0,75.99999999999946,0.0,1.000000000000007,80.0,80.00000000000097,0.0,1.0000000000000124,102.0375,102.03714385062561,0.27128168017763227,1.0026373572023028,120.05625,120.05602999559879,0.23040385738958277,1.001913905363541,143.0,143.00000000000136,0.0,1.0000000000000098,16.75,6.314583333333331,0.0,-0.07680128579652758
85,Korea University,86.70625,86.29979234919395,8.542977287661481,1.1009417202688159,87.125,86.9486194100244,5.634436529059494,1.065217572061397,111.6375,111.5514455355956,4.464425354958914,1.0397000272410695,122.8625,122.82891862212026,2.929350397272413,1.0234282442553824,147.80625,147.75535217058484,3.9898259282204203,1.0262217310225155,15.275000000000002,8.175000000000002,-1.138287839860265,1.323005429849998
86,Rice University,83.625,83.1169816429403,9.441762282540267,1.1152891277964625,85.54375,85.36567392676312,5.598936143366885,1.0662067853165982,106.28125,106.19637938281959,4.285399449001225,1.0405983776397658,123.38125,123.3744944521164,1.312782707648138,1.0104326965870194,145.89375,145.87441392742113,2.412459520385783,1.0162895603562834,15.567187500000003,6.864583333333338,-1.7573256905386212,1.6475009839703425
87,Universiti Malaya (UM),54.6,54.03750467099271,8.784361103688722,1.145786912355533,108.56875,107.54451614121196,17.392750600106385,1.1361143078060278,127.29375,125.66461033927774,23.692719576644148,1.1606954095129842,123.46875,122.62397689276189,16.697650237009398,1.1152423747398656,147.85,147.26213381606362,14.546133506880764,1.0887643447601758,23.312499999999996,-9.862499999999999,1.4404431007980105,-3.5866354088487657
88,The Ohio State University,101.51875,100.6154523597899,15.423185417983522,1.133737674189456,126.40625,125.53222552536121,16.68093855085798,1.1179086343001587,137.18125,135.73170494437645,22.736774143169523,1.1465558815278747,130.14375,129.1416464145424,18.440731708299978,1.1236627194776132,155.475,153.8264440797063,26.015127810564408,1.1461973855263599,13.4890625,0.14791666666666003,2.6479855981452216,2.1055476564633238
89,Lomonosov Moscow State University,106.1625,104.90799916887174,17.911200231977762,1.158959564961565,126.15625,125.12489842173008,17.891529726032374,1.1296753871170935,138.24375,136.73331608223106,22.92726184997899,1.150604985718536,131.1125,129.80143749387793,20.81285284986178,1.1434726127326837,156.96875,155.25024545398642,26.312169683199823,1.149923440944836,12.701562500000001,1.954166666666661,2.100242362805515,1.8396624464278102
90,The University of Western Australia,16.8375,16.36777829576235,4.804799033258318,1.2449423649603084,15.78125,15.115242483457285,5.407947710314884,1.317057669548286,28.78125,28.607004321184082,4.0768736106850305,1.1026346487149838,32.39375,32.35327435767911,1.7574728838590965,1.0491865787028796,16.2875,15.657894801578898,5.3296194751595545,1.3004417051839952,-0.1374999999999993,-5.016666666666666,0.13120511047530914,0.9896659714146305
91,Lunds University,84.08125,84.04185344750056,2.659821128854337,1.030579136297654,114.93125,114.88705812413166,3.322502586530223,1.027543011414436,125.0375,124.9365671285084,5.318467236902012,1.0398572972416824,92.16875,92.09673029860512,3.9102779233067104,1.038940230475826,114.38125,114.31413075658953,4.136532175325132,1.033927082460362,7.574999999999999,-2.879166666666672,0.3691777616176988,-0.14547573521915483
92,Boston University,89.80625,88.49453739369324,18.12129164649971,1.1712572532089547,118.95,117.9914991268904,17.44770758581201,1.1257277672747867,130.575,128.99507953630587,23.6084068712822,1.1559397315870925,125.76875,124.79158298083068,18.263769420289396,1.12280744301895,151.6375,150.05324995499927,25.54052845479122,1.1438557282908532,15.457812499999996,-1.0916666666666686,1.854809202072878,2.6501143650631747
93,University of Leeds,12.24375,11.341641411685313,6.627355123840899,1.4055938227584182,13.54375,11.822812673932749,11.008432492298814,1.5450029273433539,13.05625,12.22886737969576,5.886687178498611,1.3862020346836554,17.28301886792453,16.955710593799832,4.19213410695714,1.192541871166484,12.825,12.024411693892823,5.436623492573308,1.3971716143123436,0.14531249999999973,-1.9193396226415096,-0.29768290781689766,-1.0455293276139157
94,Pennsylvania State University,89.09375,88.8215301211958,7.099997249119186,1.0805785847430682,118.25625,118.15389250576496,4.961409672411664,1.042315825455183,125.975,125.9311096788266,3.340939239196072,1.0266885153475969,93.3125,93.30313643743744,1.3237612133613827,1.0142579068194835,122.1875,121.46207811121008,14.121432071500397,1.1118267689481078,8.2734375,-0.09583333333333144,1.7553587055953028,4.978752811615512
95,University of Southampton,39.14375,38.5772207830044,8.887383525959748,1.1605451771202488,49.90625,49.74519321773873,4.737875150054083,1.0768486801501318,90.88125,90.80469935572367,4.013059735102358,1.0403814120001946,87.8875,87.80992994166863,3.9905944106110356,1.0412694863278327,118.34375,118.33364003008832,1.5852715658523622,1.0129963716857646,19.8,6.564583333333331,-1.8255279900268466,0.5813951770489973
96,University of St Andrews,11.975,10.786709416468598,7.511616004562542,1.4958853803282746,10.96875,9.718377698966407,7.602155841437349,1.536356975090143,12.175,11.062064132435108,7.451971215725412,1.4681681815816754,12.0625,10.942826981186062,7.534659497946805,1.4698291606498062,9.4125,8.572848044251097,5.619594625059705,1.4612130900057274,-0.640625,-0.5479166666666669,-0.47300534487570944,-0.668534903253969
97,University of Science and Technology of China,22.3375,20.30676459547657,12.531404300795646,1.4819847928010157,22.5125,20.81173567661249,11.69614653422229,1.4268711130667118,23.84375,22.021303894700786,11.841424573821344,1.439861180518441,26.075,23.637330825121744,16.664539447581483,1.4639190639125705,29.025,26.75095561896298,15.150886937734034,1.4367514658724174,1.671875,0.9249999999999995,0.654870659234597,-0.226131581091364
98,Eindhoven University of Technology,14.55625,13.346288847619535,7.241155704547443,1.473847864127715,14.13125,13.04020690576582,6.322699062702573,1.467603240570283,12.5625,11.686703754154193,5.484851296981533,1.4308726975072144,13.3625,12.24535548304529,6.535946278083987,1.4819626551455842,12.8875,12.055785384685962,5.461212662953166,1.4111057988437643,-0.41718750000000027,-0.016666666666666902,-0.4449857603985692,-0.05209232442865049
99,Purdue University,90.1875,89.75733824790608,8.637264830373097,1.103871862722955,89.56875,89.36489304334846,6.011054270051129,1.0700708083649482,109.86875,109.65884627663476,7.116110133879325,1.062364638493357,124.9875,124.8845813974939,5.330323043681304,1.0403998241059347,147.3125,147.28219944399157,3.037654317067694,1.0203259762757098,14.28125,7.64791666666667,-1.3999026283263505,0.1111806112361194
100,Sungkyunkwan University (SKKU),84.1375,83.87636389889857,6.7058626402574,1.0815704547169864,85.48125,85.36167454270274,4.590713281996599,1.0539274577345408,105.84375,105.79273982819119,3.4087147046210835,1.0309719434538598,121.56875,121.5299869174093,3.1773060031259215,1.0251419412565717,145.225,145.18062949438624,3.733212423637326,1.0245432981774432,15.271874999999998,7.4375,-0.7431625541550184,0.8903519262574019
101,"University of California, Davis",82.21875,81.8560425104944,7.848305450063727,1.097797313000145,85.19375,85.04634776437874,5.083671009959241,1.0601803948309803,105.41875,105.36476264406843,3.4049079925160965,1.032375930279125,123.475,123.46729924352412,1.400669482783139,1.0111442119376977,145.91875,145.8981587839745,2.487397925041349,1.016820825292314,15.924999999999997,6.489583333333333,-1.3402268812555946,1.2837876274542317
102,Washington University in St. Louis,18.075,17.437988339909825,6.3968253845169185,1.2741156453803701,16.79375,15.98977436718416,6.09312817340157,1.3423017867687244,17.16875,16.335001345040595,6.253221044989531,1.343833673586526,16.6125,15.864852722406138,5.967607875019938,1.3248673692903803,17.66875,16.812626542459636,6.395038970756941,1.3458606757585938,-0.1015625,0.7791666666666662,-0.00044660343999436414,0.2437094356174505
103,KTH Royal Institute of Technology,83.21875,83.21670943800127,0.5881313097429859,1.0069955330255858,114.09375,114.09257706622364,0.5219779090153146,1.0045244864113876,122.18125,122.18014167548657,0.5228751643556975,1.004258420060448,92.39375,92.38081692462089,1.6128270017270936,1.0165210298055525,114.225,114.20314772633596,2.3450746256782495,1.019280571140614,7.751562499999999,-3.0145833333333343,0.4392358289838159,0.2661336748929424
104,Trinity College Dublin,11.11875,10.46820155583714,4.535101811150444,1.3831404196462491,11.33125,10.630598899850074,4.602610502475741,1.4031685440246697,28.6625,28.655384671353673,0.6313428149587198,1.0226664377987453,11.33125,10.805892164135406,4.109017332343586,1.3329117510001203,11.475,10.903282903601683,4.180236237343531,1.3545947631687614,0.08906250000000027,-0.02291666666666714,-0.0887163934517281,0.001236737891549063
105,The Hong Kong Polytechnic University,14.2125,13.042910552875018,7.709075414730349,1.4546044367920692,14.35,13.27726759980377,6.864947195718263,1.4393999818579524,15.04375,13.859103032816915,8.33842526724922,1.4421967133809017,19.09375,17.322005659952094,10.289434432343693,1.5080549552278382,19.35,17.58203555175668,10.776247027606585,1.4917420698815,1.2843750000000003,0.039583333333334046,0.766792903219059,0.4436469380916594
106,Yonsei University,29.95,29.532795790651928,5.291266389060369,1.1772798134962932,28.75,28.338802130602478,5.422176684690384,1.1759324458951255,43.1375,42.780535127532936,5.872060434804796,1.1337902486067553,33.36875,33.16959425323263,3.9538302236565572,1.111243690310607,33.2875,33.07480632153627,3.989654590312315,1.1163385038711966,0.8343750000000005,0.3729166666666674,-0.32540294968701355,-0.03169530965808572
107,University of Geneva,90.9375,90.667567921243,7.12538376159488,1.0794797230357416,119.225,119.11960551724594,5.045976119642262,1.0428137627248741,127.93125,127.88141953041338,3.6005587673998627,1.0281925871084316,94.25625,94.2403985366036,1.7792093574113177,1.018250031481716,115.9625,115.94952847074474,1.7388483976471332,1.0150513518606972,6.256250000000001,-2.1937499999999943,-1.3466338409869367,0.6796822273961446
108,University of Alberta,84.35,84.33722900001717,1.509138827278659,1.0173110721062586,84.35,84.33722900001717,1.509138827278659,1.0173110721062586,123.6625,123.63945101988061,2.482155061634942,1.0191191907804324,92.4125,92.39971062053208,1.6100756969782495,1.016396577275365,113.3,113.29702665260841,0.8351646544245064,1.0072088114376765,7.237500000000001,6.962500000000001,-0.16849354321353816,-0.2583036808512477
109,University of Helsinki,84.39375,84.03862302416806,7.838284948730815,1.095606631554003,86.48125,86.29261772237662,5.82770524627833,1.0676543553619693,107.8375,107.62289619632274,7.1553192626185425,1.0635515321011693,125.0125,124.90455426445735,5.4417224984374375,1.041458850120744,147.4125,147.31814556380075,5.479949247027742,1.0357425547820232,15.7546875,6.770833333333329,-0.5895839254257682,0.6829354836809296
110,Nagoya University,83.05,83.03651534503598,1.5443445211480527,1.0179032742975964,114.59375,114.571081645649,2.356631268887859,1.0197566550379171,122.41875,122.4065628264948,1.7870082365506879,1.0139717922188465,92.6125,92.59855616873791,1.6469194728340502,1.0172920075294445,113.9125,113.8955899512191,2.013664259503061,1.0171614113154448,7.715624999999999,-3.414583333333335,0.11732993458875213,-0.1485139870235984
111,Technical University of Denmark,35.7375,35.5834134896062,3.6029284963762502,1.0935476094883125,18.43125,17.05894641774018,9.039235224149209,1.4276938364456147,45.1125,45.01169871256707,2.9643454167825993,1.069828782585208,17.01875,15.958936715927726,7.138340033754343,1.3968479224569275,15.85625,14.853291658407327,6.555386025056035,1.4072470740362146,-4.9703124999999995,5.3812500000000005,0.7381143821699461,-2.006420245490422
112,Universidad Nacional Autónoma de México (UNAM),26.55625,26.533919916250134,1.1166180804106656,1.0413448658433742,25.19375,25.184667516816514,0.7026456699503681,1.026705507695614,39.3125,39.298961503191016,1.0907995920424614,1.0258736864108353,31.36875,31.303818914172574,2.3995360879761725,1.0609524419859013,32.2375,32.20006098415448,1.686295866685323,1.0474309054945679,1.4203124999999996,0.7437499999999986,0.14241944656866434,-0.09975593694351732
113,The University of Adelaide,83.81875,83.78281135101138,2.5270335252030116,1.0292859381121742,114.8125,114.78298557565722,2.6743866119168334,1.0226263008434984,123.95625,123.90822980959963,3.5992132386814832,1.0276375238423803,93.275,93.19170452339785,4.1577487899102445,1.0420359227871006,113.625,113.59212542880881,2.8739128379267176,1.0237443647981364,7.451562500000001,-3.5479166666666706,0.0867198281809265,-0.47706301289911623
114,University of Southern California,35.59375,35.35041284722693,4.945069356187029,1.114262438196406,22.5375,21.331656856304043,8.639941767743567,1.3678780338925807,46.08125,45.95930720091862,3.3800367509096696,1.0753294852292363,17.73125,16.533697417100562,8.286828309884319,1.4063468389294767,18.175,16.747316657145426,8.684432911825624,1.457656702423291,-4.3546875,4.499999999999999,0.9348408889096487,-1.0990892698717445
115,"KIT, Karlsruhe Institute of Technology",83.875,83.55756131970554,7.383046457933202,1.0904597409537842,84.775,84.6375663560454,4.882302223336849,1.0582871074746183,109.15625,109.07852628214084,4.145097820015832,1.0383564599482007,123.43125,123.39806911560355,2.9402845844407746,1.0231453405133053,79.60625,79.52975253233053,3.6624733360804136,1.0437834183344026,-1.0671874999999993,-14.908333333333337,-0.9301432804631972,1.0743109954119974
116,Uppsala University,91.9125,91.47403888701965,9.092845745419858,1.1020851505332476,120.24375,120.06802995247324,6.647129902258563,1.05497848981143,126.48125,126.36979728524317,5.382810458998157,1.0425961603327631,94.78125,94.62640064572459,5.828455922240469,1.056710509988594,116.66875,116.53206092811533,6.025696925460145,1.0480238849666041,6.189062500000002,-2.1479166666666694,-0.7667872049899283,0.8809856154603238
117,Universidade de São Paulo,85.2,85.14983941604005,3.0058276730378344,1.034429217538429,114.14375,114.09590649725423,3.4348341935965476,1.0288196456372052,124.79375,124.69427918067078,5.2750555388071385,1.0396028661021386,93.53125,93.43360051896721,4.5537373044017375,1.0453049145309667,121.64375,120.80869295703054,15.08158930409857,1.1209308803602247,9.110937499999999,-0.2770833333333324,3.018940407765184,3.3662818263793732
118,Queen Mary University of London,4692.575,580.9223215777348,8511.613264791531,10.098826070632537,4692.575,580.9223215777348,8511.613264791531,10.098826070632537,4692.575,580.9223215777348,8511.613264791531,10.098826070632537,4692.575,580.9223215777348,8511.613264791531,10.098826070632537,4692.575,580.9223215777348,8511.613264791531,10.098826070632537,0.0,0.0,0.0,0.0
119,University of Groningen,64.16875,64.15188334027425,1.5938235277156547,1.0222805047235468,62.2375,62.1945254046387,2.682087573141491,1.0351179501595988,50.425,50.37006668566732,2.6470502450841327,1.0450358508006263,71.625,71.54918941691496,3.670405290972647,1.0446024768376443,56.025,55.833969739064955,5.350175230775144,1.079941339204661,-2.035937500000001,-4.556249999999999,0.9390879257648723,0.19716863145888697
120,Humboldt-Universität zu Berlin,87.325,87.18321938784423,5.09110744337614,1.0579863397143476,116.95,116.85418385720021,4.81897291961679,1.0409478448918768,124.23125,124.20099783833145,2.8267071722235504,1.0219779565858798,93.7125,93.66964441542825,2.8926361247139285,1.0303979549274835,115.54375,115.48924442726305,3.646654074285088,1.0307769377295373,7.0546875,-2.5979166666666678,-0.36111334227276304,0.3420508244435032
121,Leiden University,18.69375,17.386606398270153,8.144013810001798,1.4316522082018208,20.40625,19.363318043495006,7.439167355121136,1.3601557088587641,21.7875,20.954204465344212,7.00123872968206,1.2995953796334085,20.75,19.78381532187739,8.170832270950127,1.319480372331305,20.7625,19.64391849723557,8.240515381333875,1.3628428504609171,0.5171874999999995,-0.5666666666666664,0.024125392833019177,0.25817652175480327
122,Nanjing University,84.3875,84.35685390461693,2.410880285290003,1.0265267157363491,113.86875,113.77570512155262,4.97509029440671,1.0396658498941844,123.70625,123.66274292512819,3.4398344346058303,1.0262451462804003,93.3875,93.23186504097797,5.8693989257845,1.056926832018597,114.35,114.2066871932201,6.1969750685314375,1.0493254513662365,7.490624999999998,-2.839583333333337,0.9465236958103587,-0.7455446221232566
123,Utrecht University,30.76875,29.857709058697036,8.686355590090693,1.257082713182022,29.48125,28.737394479606866,7.489135359806234,1.2380564135098804,39.8125,39.77086447803554,1.949959935485855,1.0452593660762681,32.275,32.15112624905842,3.118393015641218,1.087277681137412,31.8875,31.766731608270668,3.203489308550919,1.0847180741981781,0.27968749999999964,0.3000000000000007,-1.3707165703849438,0.42743884106472013
124,Wageningen University & Research,12.0125,11.180619596577628,5.3350111293229645,1.422932993118581,11.89375,11.269635276593787,4.449152833686426,1.3639513044037186,12.2625,11.685727808009034,4.304775691020373,1.340860590066602,13.24375,12.749991114556972,4.205274775505168,1.2949912553012903,12.925,12.436389453307385,4.1616553197015245,1.2959742660551246,0.22812500000000036,-0.06666666666666703,-0.29333895240536,0.2807462799442983
125,Kyushu University,83.6125,83.57847725962831,2.6100466949845815,1.0276759066108603,114.2125,114.21033526226508,0.7105235745561175,1.0061440178790668,123.35,123.34743659011393,0.8000000000000037,1.006448516982248,92.2875,92.28228474441713,1.008634596868454,1.010542103894949,113.15625,113.15438051443917,0.6571422505820181,1.0057354055673249,7.385937500000001,-3.243750000000001,-0.48822611110064085,0.5160102580473427
126,"University of Maryland, College Park",83.225,82.50052276999773,12.724459713480966,1.1312510872986126,85.40625,84.81146755246806,11.45769221691262,1.117622904830882,110.9875,110.56792002066857,10.319876149935132,1.0879613026112602,125.5625,125.17168312429754,11.05649554560576,1.077755171105047,148.63125,148.3807428751478,9.300955512069706,1.0575869559463826,16.3515625,6.962499999999996,-0.8558760503528151,-0.16292417898923559
127,Chalmers University of Technology,11.775,10.907373838944624,5.502215462884015,1.4391603764519008,11.29375,10.468409796581598,5.817642214634717,1.4218639669903048,11.84375,11.045239687848175,5.515372692529491,1.406865320418765,12.01875,11.134700269753807,6.1527147209585396,1.418629194566208,12.68125,12.077695279407141,5.246870346930631,1.3183023034004904,0.2265625,0.38125000000000026,-0.06383627898834598,-0.4070903752595368
128,Hokkaido University,4226.0,4226.000000000003,0.0,1.0,18.4375,18.16681880937422,3.734446913533515,1.1723107537992459,15.59375,14.726093571440575,6.174845013237174,1.3729760225972796,16.9375,16.0008961049795,7.371132460483938,1.3557999740968538,15.8625,14.867421600780597,6.832356383415609,1.395317075647364,-1052.534375,1402.1625000000001,1.7080890958539023,-1.4244076635339482
129,Freie Universitaet Berlin,17.85,16.70854861392369,7.651960533092159,1.4035983931332257,19.0,18.002938016438282,7.256031973468694,1.3627834005994857,19.28125,18.00877901561999,8.5015968169221,1.408010208983648,19.425,18.035328251804664,8.944656225926188,1.4274569852900498,20.525,19.10870301729957,9.347426116316722,1.415292029265221,0.6687499999999993,-0.016666666666666902,0.4238663958061408,0.2662328166713328
130,Lancaster University,92.5625,92.12884142480549,9.108847004423776,1.1009169669938041,119.75625,119.66110099219566,4.803315098710472,1.0405515024041474,127.725,127.66603167142286,3.8890069426525824,1.0308272850348486,93.94375,93.93096690171383,1.5622374779462918,1.0165702217176362,115.7625,115.75243806403675,1.530880057352633,1.0132525462300108,5.800000000000001,-1.7916666666666619,-1.8944917367677858,1.424724828373215
131,Pontificia Universidad Católica de Chile,84.0125,84.01242709968204,0.1111024302164449,1.0013157017820224,114.05,114.04979284689901,0.2179449471770332,1.0019052741521122,123.1375,123.13588331896489,0.6372548548265441,1.0051121027761114,92.24375,92.24195880634248,0.5782178979415986,1.006233121913617,113.1,113.09879651454717,0.5267826876426361,1.004601749209096,7.271874999999998,-3.0604166666666686,0.10392006435654783,-0.05275924241985025
132,"University of California, Santa Barbara (UCSB)",77.5375,77.45024836321676,3.8436432912017287,1.0475221773399856,82.1125,82.0536855383684,3.2210004268860453,1.0378875220023729,103.41875,103.41490998837402,0.8977184622697673,1.0086233670792168,122.0625,122.06196178297395,0.36550478793033614,1.0029617311775445,143.10625,143.10549395316826,0.46899993336886536,1.003242596670406,16.3921875,5.489583333333329,-0.8436608394582158,0.24204600325140424
133,University of York - United Kingdom,20.75625,19.47043776589229,6.693043846972766,1.4577589672002276,10.28125,9.787101040163925,3.535837727823493,1.3525323702069705,10.45625,10.182007213319038,2.7992116635760182,1.2408141918931601,16.14375,15.702907421829726,3.792833497202323,1.266109304280946,16.14375,15.702907421829726,3.792833497202323,1.266109304280946,-1.1531250000000002,3.491666666666667,-0.7250525874426107,1.0524020397164244
134,Universitetet i Oslo,84.5875,84.55760157333263,2.348902669333075,1.0263637222743922,5085.0,5085.000000000001,0.0,1.0,124.00625,123.9332767498891,4.591427984570804,1.033586485033139,92.71875,92.66047030649618,3.576261796555168,1.0346011853062465,114.05,114.00240423201548,3.5281014724636255,1.028323693973072,7.365625000000183,-1659.6937500000004,0.2947997007826376,0.7669141150805108
135,University of Pittsburgh,90.34375,90.0657044853156,7.218939391454953,1.0809237762685246,118.65,118.54997861075503,4.904334817281548,1.0417850031477216,126.05625,126.0036989233503,3.662729301695666,1.0292082785241228,93.775,93.75065147748282,2.182172083040199,1.0228151221409496,115.9,115.88012463821619,2.1742814905158947,1.0185754035986008,6.389062500000001,-2.0604166666666686,-1.2611644752347644,0.7689046605497002
136,CentraleSupélec,10.7375,9.579896182060498,7.083861499916553,1.524434831114914,11.025,9.966089188946967,7.088679355140853,1.480228124991586,10.41875,9.488455738093801,5.678327080883947,1.4818329696149388,11.4125,10.201115508922811,7.319825390677021,1.524828887502453,9.6625,8.866481397180147,5.617926107559627,1.4455476046703688,-0.26875000000000027,-0.6791666666666666,-0.3664838480892316,-0.5689057127805647
137,Ghent University,79.76875,79.70039416320076,3.3878862787142077,1.041745533021184,81.3625,81.3340570837498,2.226228593383887,1.0263501025297783,107.05,106.95609177011566,4.520508820918284,1.0426161413943582,121.23125,121.21733210682365,1.878236789518294,1.015103796025851,145.025,145.01417147448083,1.7781661902083317,1.012275069528967,16.314062500000002,7.400000000000001,-0.402430022126469,0.35386236200678595
138,University of Bern,84.4625,84.43174328230091,2.494713159864281,1.0261523025538546,114.3,114.28933051397215,1.6232683080747858,1.0134953773218303,123.35,123.33947857335886,1.6740669042783225,1.0128985407506716,92.425,92.40041210217284,2.281857795744505,1.0225606957184845,114.225,114.21031825208374,1.9037791363495882,1.015855874924779,7.440624999999997,-2.679166666666665,-0.14773350587867318,0.1644553974648594
139,Aalto University,84.05625,83.73417655331845,7.4508781990782795,1.091023289247866,86.24375,86.07492173016297,5.517865161228567,1.0639103351876011,107.54375,107.33562749807066,7.062972882398737,1.0625190021865643,125.03125,124.9224195541932,5.466285158816726,1.041621568850349,146.29375,146.1937939424958,5.649775299735365,1.0368445520238578,15.559374999999996,6.35833333333333,-0.45027572483572853,0.7055010595894506
140,Aarhus University,18.7,17.060695712469787,9.70940265927828,1.4855316555665865,18.6375,17.119396118327074,9.090164671225711,1.468425906261575,16.05625,14.875442577113684,7.611871382091265,1.4330551905089295,17.075,16.008408770804174,7.65714535580982,1.3880034889010722,17.05,16.175973258772803,6.462197768561401,1.3537218276464094,-0.41249999999999964,0.012500000000000474,-0.81180122267922,-0.19190319973194972
141,Michigan State University,98.06875,97.77716659966556,7.398582528937553,1.0811804580397213,123.16875,123.10302698569922,3.973697703336275,1.0334261634165463,130.225,130.17668262986936,3.5583528492829375,1.0275859048747764,95.7125,95.62080821581742,4.649445531458553,1.0425099549588517,124.45,123.81273242997658,13.268289264257104,1.1037976881947562,6.595312500000002,1.2124999999999961,1.4674266838298882,4.014576186133277
142,Newcastle University,11.84375,11.186520569318352,4.625401165034229,1.3753147244963373,12.15,11.432695636795074,5.08453537700349,1.3834639021275263,14.3375,13.439442507642912,6.09086149489545,1.3998991271358654,13.9625,12.895782117776356,6.836380164238975,1.4426038727749853,15.04375,14.33390102668873,5.363472376874886,1.3436489663785571,0.7999999999999998,0.25833333333333286,0.18451780296016418,-0.6440139997777834
143,RWTH Aachen University,85.49375,85.09363173639767,8.456504061224129,1.100573789194391,86.48125,86.33365455917397,5.105110031870029,1.0598811925432567,111.93125,111.66375306788048,8.306715562573437,1.0691215439953479,126.25625,125.9228203872426,10.298814783143753,1.0711543278540756,148.5,148.2736341376334,8.90084265673762,1.0544676387116982,15.751562499999999,7.08541666666667,0.11108464887837277,0.6511406343159889
144,Cardiff University,36.23125,36.06368872140354,3.8148097511540486,1.0969237312374733,14.40625,14.133610913144755,3.2138311930622616,1.2013894715068312,44.8,44.64402926511274,3.919183588453086,1.085402435017497,29.45625,29.438002086988188,1.1059321577293988,1.0347085679863057,15.48125,14.881583648406885,5.661240892021825,1.286579486276617,-5.187500000000001,2.616666666666666,0.4616077852169441,1.7187624307947378
145,McMaster University,16.46875,15.028723950708939,9.234393506749646,1.467950240445175,15.65625,14.46089556595824,7.912843100776105,1.4351370098755005,16.625,15.1314074508117,9.024792241375975,1.4833837257301439,16.65625,15.289351525366936,8.368876025936816,1.465220243884552,16.63125,15.327887771731353,8.625269470428142,1.444372359451269,0.040625000000000355,0.26250000000000046,-0.1522810090803759,0.525981283488289
146,Technische Universität Berlin (TU Berlin),12.5875,11.45210097476229,6.4404847449551585,1.501930831562129,13.40625,12.268300224428812,6.68140785594623,1.4845866203663536,12.43125,11.351034894120602,6.382223236263369,1.4853618544093308,12.91875,11.935483835195699,6.493238670917614,1.4386059247542669,12.93125,11.974706974510669,6.126909778795506,1.4360883726922131,0.0859375,-0.26874999999999954,-0.07839374153991319,-0.20241733437105994
147,Emory University,16.275,15.572754528235574,5.416352554994924,1.3281095533488385,17.11875,16.392274066224328,5.915416167734952,1.3168665739124397,16.86875,16.018233271437033,6.316765266930535,1.3515777752050435,17.15,16.33004368078592,6.31090326340057,1.338608709142022,16.73125,15.918192829115199,6.337114756535499,1.3401993825259153,0.11406250000000018,-0.4208333333333331,0.2301905503851438,-0.15761737320169988
148,Université de Montréal,86.95,86.81152658883315,5.037112267956708,1.0573151102419298,116.2125,116.13110177535364,4.441828874461518,1.0377402232019999,124.425,124.3915841027752,2.925213667409626,1.0232797112524774,93.50625,93.45557592967987,3.140455530253533,1.033138162109501,114.4,114.35995624700328,3.078554855772431,1.0265859125719348,6.862500000000001,-2.7895833333333306,-0.4896393530460692,0.17779423967136262
149,University of Lausanne,15.23125,14.501827936747873,5.235959648192482,1.3539008743838903,15.1,14.219337145555055,6.109623556324896,1.3833489114186632,574.1239669421487,50.967238186403534,980.8853781803788,14.58589511849769,15.0,14.083611829216371,6.576473218982953,1.382949459619752,15.0,14.315623323679652,5.291502622129181,1.332040005166459,-0.05781250000001137,0.043750000000045475,0.013885743484169488,-0.7195448349953418
150,Hanyang University,20.46875,20.213773891941905,3.5828094336009557,1.1636597822828432,22.0375,21.688196743050234,4.427029901638346,1.1852195516933937,33.0,32.493602439584954,6.653006839016476,1.1791675920927096,115.36875,115.29855180655666,4.236186190136117,1.0346063554884701,145.0625,145.00867432762163,4.089143400518011,1.0271518668870303,31.1484375,9.374999999999995,0.12658349172926375,-0.3304210858851655
151,École Normale Supérieure de Lyon,10.65625,10.15063321927235,3.2152894018268405,1.373044237645952,9.4,8.9628175665205,3.172538415843059,1.34836466939219,10.225,9.598210978552407,4.210032660205861,1.395411482474269,7.6875,7.305491455369718,2.688371951572178,1.3601261376664535,10.5375,9.840869697464033,4.408638537008907,1.420821785121623,-0.02968750000000009,1.3687499999999997,0.2983372837955167,0.587672523806837
152,The Hebrew University of Jerusalem,9.53125,8.781402579794236,5.22962937859845,1.435877370643223,9.7,8.81530968008285,5.53376002370901,1.4802820643891725,9.18125,8.543260464730714,4.334270231250014,1.4134803928800395,9.125786163522013,8.442348096893204,4.460507541368015,1.4345291399918088,3461.0,3461.000000000002,0.0,1.0,862.8671875,1150.5684879454925,-1.3074073446496124,-1.5882127288261918
153,The University of Exeter,10.275,9.527278034990253,4.878460310384827,1.4273675736859168,11.04375,10.529184296610289,3.978609799603368,1.33528926292847,11.06875,10.368970894985592,4.59907854221909,1.4050062497088336,10.69375,10.106705556139072,4.168328314504514,1.3736560022894668,12.525,11.58594768398447,5.887433651430813,1.4436238681008264,0.5625,0.35416666666666724,0.25224333526149656,0.8729852825692527
154,Politecnico di Milano,18.38125,17.386074480877955,7.668826405487328,1.3532293571768583,32.75625,32.5846171991934,4.322538136037681,1.094941310373622,16.24375,15.44535809676721,6.1163171874503055,1.3428859924500403,16.7875,15.637639349942763,8.452357289537629,1.396509866373353,15.975,15.019371882663204,7.698173484665036,1.3606270638879319,-0.6015625000000004,-5.062500000000001,0.007336769794426878,0.8640348215256847
155,University of Minnesota,76.56875,76.53996143810822,2.2068696013811064,1.0271203920845748,80.5625,80.51513131866903,3.0242509403156346,1.0333517688571803,103.9625,103.89748419551707,3.9081445405716613,1.0349110858397803,121.8125,121.7494412804196,4.1671145592604,1.0317075049835873,144.58125,144.55088741838765,3.1394105238881966,1.0201197488731155,17.003125000000004,6.2583333333333355,0.23313523062677255,-0.6150284581022439
156,University of Bath,8.33125,7.610975695435401,4.205237619623889,1.4852701278295977,7.85,7.1510369747986955,4.452808102759429,1.473853563559327,8.49375,7.763441439608647,4.735500072590015,1.4647166386329025,9.30625,8.628517244863692,4.330122508370873,1.433031872924607,8.9875,8.296517336306854,4.393158744001854,1.445747427397547,0.1640625,0.05416666666666714,0.04698028109449104,-0.06151141583485279
157,Universidad Autónoma de Madrid,89.9625,88.65853137153192,18.07376811154774,1.1705937529815749,118.98125,118.0222035343051,17.458333209029412,1.1257332370413216,130.5625,128.98259241788264,23.609237466508738,1.155938553369288,124.98125,123.97941478951935,18.468037211287488,1.124747801330916,150.71875,149.0965002539602,25.810407754189008,1.1460488032610179,15.189062499999999,-1.09375,1.9341599106603171,2.652601815139949
158,University of Basel,24.88125,24.30201730236415,5.368160619569801,1.2455503149302414,16.175,15.192802962417545,6.569389241017764,1.3983040710570729,16.625,15.759120071605283,6.074279792699707,1.3659116999108696,19.775,19.358547849430412,4.620538388543045,1.216405993122944,17.54375,16.71388307028523,6.0392951523749785,1.3476156214308217,-1.8343750000000005,2.1583333333333337,0.1677836332012943,0.072509380794657
159,University of Technology Sydney,12.70625,11.195637546028223,7.805924733015292,1.5902989427511673,13.8875,12.197195354316094,9.211397491694747,1.5822363022488122,14.925,13.093856837019723,10.519951283157157,1.5793892923035686,16.41875,14.713041152647664,9.982153997885433,1.5300843918911824,18.1875,16.32630003976793,9.73343946146479,1.5457123816232075,1.3703124999999998,0.19583333333333405,0.4818786821123746,-0.5513957650333658
160,Indian Institute of Technology Bombay,30.73125,30.041695505459167,6.980975822727082,1.2287879893956744,29.0,28.354234766567487,6.60870637870983,1.2268733413218424,41.725,41.466762640086145,4.887420076072845,1.114778958292455,31.4,31.387565058795623,0.9027735042633883,1.0282419468564081,32.075,32.06363540339147,0.8842369591913666,1.026518179720369,0.3359375000000009,0.8020833333333345,-1.5241847158839288,0.11791096631507658
161,National Tsing Hua University,14.35,14.042653594516691,3.7436613094669946,1.2060240531636683,72.08125,72.07917614616589,0.5587024588275967,1.0075329019593098,121.18125,121.16488605458866,2.1297648784548993,1.0160190659218373,90.375,90.34739068136545,2.428348204026762,1.0240048392195098,113.13125,113.12713534896386,0.9881920043695895,1.0084635524043506,24.6953125,-11.658333333333331,-0.6888673262743512,0.5816008836607417
162,University of Waterloo,13.50625,12.351344589096938,7.240508334191732,1.467650550734344,13.20625,12.082213772779312,6.894832190670049,1.4707726961830627,13.38125,12.227183498835219,7.065649187265104,1.4724859991928299,13.35,12.352840431172606,6.307931515164063,1.4391414347105609,15.01875,13.57922829253671,8.530439521941412,1.5052679846276744,0.37812500000000027,0.65625,0.32248279693742,0.8560613834330107
163,Université catholique de Louvain,75.925,75.91897610532823,0.9588404455382541,1.012660818990713,81.76875,81.7619813307042,1.0560650725689216,1.0129259538166762,246.41666666666666,40.68437030483294,570.304225586855,7.280370713843276,122.175,122.17390649753102,0.5190134873006689,1.0042312735688723,145.5625,145.5520094782678,1.7524536370472117,1.0120615224986758,17.409375000000004,5.847916666666663,0.19840329787722782,0.3787385075719764
164,University of Liverpool,94.95625,94.54470577765149,9.56840299828034,1.0942397576748706,122.6375,122.4274974304279,7.713209043582312,1.058254428236117,132.775,132.6167295337045,6.9560674953597195,1.0483079218279518,98.3875,97.96108052877342,10.487485101300468,1.0912181182986542,119.9625,119.7445414642183,7.911137323419418,1.0594147353813115,6.251562500000002,-2.0354166666666678,-0.4143164187152302,-0.24038460772767412
165,Universitat de Barcelona,73.71875,73.55786845745047,5.0487274077236535,1.0670884040461828,64.8625,64.6792279338475,5.0454032296735285,1.0767679192178046,51.73125,51.63055137004824,3.3311444636190632,1.0633851363473334,72.48125,72.41691814319978,3.132434905548717,1.0424896369842553,56.65625,56.56595931059796,3.3091669552169773,1.0571067722453358,-4.265625,-2.3229166666666665,-0.43489011312666903,0.06001874257279516
166,Scuola Superiore Sant'Anna di Studi Universitari e di Perfezionamento,8.39375,7.217244852824773,5.570117677168056,1.671739241857275,9.15625,7.839045022208318,6.59217990785294,1.6633723598355454,7.84375,6.856137476839776,4.870250089831116,1.620942612846193,8.4125,7.158588858423783,6.323950011662011,1.658935033682018,10.11875,8.644899865552507,7.563375465855174,1.6543746631224348,0.4312499999999999,0.3145833333333338,0.49831444717177953,0.07245440783609276
167,Eberhard Karls Universitat Tubingen,27.5,27.232574449700888,5.313896875175505,1.1280507085782612,26.475,26.01803884010647,7.510783913813514,1.1666689936732462,39.675,39.51047228284315,4.617290872362283,1.0841962676021375,31.1,30.99450063006023,2.994160984315975,1.0794458541370666,32.39375,32.30966657330723,2.8109092723707754,1.0682173877099075,1.2234374999999993,0.7729166666666648,-0.6257469007011824,-0.7933795835277361
168,"University of California, Irvine",87.70625,87.56861367233965,5.021947922619274,1.057010612831717,117.5625,117.48033441242956,4.463305249475998,1.0378083167748657,126.70625,126.64325210913759,4.013410138211639,1.0319733897373256,94.625,94.5768398684891,3.0776411421736616,1.0321138108490018,116.84375,116.81225839070581,2.728431039535359,1.0234234623069283,7.284375000000001,-2.5458333333333343,-0.5733792207709788,0.06981085683499118
169,Indian Institute of Science,11.21875,10.300584599205493,5.477992190346751,1.4732164388113143,11.1375,10.388887023651085,4.800374334361851,1.4223359812711724,10.44375,9.668167908976006,4.842193298237899,1.4481977931798293,52.10625,52.098185777028796,0.9784993293303768,1.017178280639698,142.01875,142.01864210907024,0.17577951388031582,1.001230858606749,32.7,29.99791666666667,-1.325553169116609,-0.04170065315505352
170,University of Bergen,87.5875,87.4382894319028,5.237350833198017,1.059402778091711,116.80625,116.70056768661942,5.0947238332906695,1.042922468464272,125.2,125.09827660552706,5.320714237769218,1.0400811770858154,94.11949685534591,94.0190788870408,4.572772551029551,1.0461300153092872,115.25625,115.17471146414869,4.519744012386098,1.0375574877618399,6.917187499999997,-2.6939989517819733,-0.17940170520297993,0.02986615375463142
171,Indian Institute of Technology Delhi,10.48125,9.33545466337658,7.034710259669542,1.5440631528237874,9.8625,8.700673960177994,7.498739477405529,1.5495162675863423,10.78125,9.255980544952017,9.598614401959274,1.5937128547739292,13.25625,11.004247731425899,12.440984122548329,1.6712168912009397,13.53125,10.943942406110528,18.025302311958598,1.6736421298696689,0.7625000000000002,0.29791666666666633,2.747648013072264,1.7067629905580939
172,University of Aberdeen,9.36875,8.604760698305421,4.805754200695247,1.4605462433199219,9.75625,8.774688256660243,7.454651966222159,1.470860886866716,10.41875,9.634024735165898,5.36827704552401,1.4234960320899976,12.40625,12.140912869877459,3.0989854690688694,1.212878174958337,8.69375,7.96526086964094,4.6703812411301096,1.4585063587280336,-0.16875000000000018,-1.3666666666666665,-0.03384323989128446,-0.3591673311552241
173,University of Twente,11.175,10.454432095991079,4.655037593833156,1.4118017250676507,11.575,11.011428498459681,4.197543924725498,1.34749123815604,10.9875,10.427192764109158,4.14877617497015,1.3582458581600956,10.93125,10.177689653005865,4.943584068011797,1.4223719710917258,11.1875,10.500529344025836,4.691997842071115,1.3945949770172512,0.0031249999999998224,-0.04791666666666631,0.009240062059489684,0.06863581438899195
174,Scuola Normale Superiore di Pisa,85.73125,85.21032876168428,9.870234213913053,1.1143929398874934,87.15,86.79494514597575,8.343560391104042,1.0919309771214902,107.60625,107.29873294504253,8.792110721408147,1.0755738123114427,125.64375,125.3386826896339,9.818570972269853,1.0681394364466765,147.6875,147.49138700342613,8.194653363626799,1.0509641428300949,15.4890625,6.875,-0.4188952125715635,-0.0324145952780146
175,University of Vienna,21.6375,20.291023138177128,7.03161387947319,1.4568080808978838,10.30625,9.672452219199608,4.198209253658047,1.3995419086441878,11.74375,11.394452822557096,3.439198444041864,1.2565760218645918,16.88125,16.50197770939177,3.638976289768869,1.2375012865186454,11.175,10.460235880613682,5.290971082892051,1.385357623933135,-2.6156249999999996,1.8749999999999993,-0.43516069914528477,1.4951331396461087
176,University of Otago,10.45,9.92233758269414,3.88555015409659,1.3544206993970658,10.28125,9.599094576343466,4.377744674772616,1.4164933050689834,11.1,10.444392210125267,4.263507945342664,1.397473616003148,14.3875,13.969777057651331,3.5881532506290745,1.272392722537275,11.66875,11.005511758114146,4.491271917564107,1.382479403914883,0.3046875,-0.8500000000000002,0.15143044086687918,0.13697471541966863
177,Tecnológico de Monterrey,4.36875,3.9202379170557187,2.328148070355487,1.5574394362350004,4.55,4.073648646741733,2.7676705006196016,1.5242982847627053,4.91875,4.478393042856136,2.514885372636294,1.4973233808108737,6.7375,5.956566765289774,4.518693810162389,1.5606025195641957,6.9125,6.109805693810242,4.945183894457317,1.5410118929011845,0.6359374999999998,-0.002083333333333215,0.6542589560254576,-0.004344115323062041
178,Erasmus University Rotterdam,23.33125,20.339624826909553,18.89236680348706,1.5613931246840096,25.6875,22.886615091096623,20.033468090922252,1.4887658691867585,27.59375,24.788107363085967,21.521587091511165,1.454854804285912,24.5125,21.885567712233147,16.026535612851557,1.5125423019570579,5620.0,5620.000000000005,0.0,1.0,1399.1671875,1864.3770833333335,-4.723091700871765,-5.722545633428916
179,Queen University Belfast,2564.0,2564.0,0.0,1.0,11.9375,11.014359288287952,5.635476355198378,1.4545291038122048,11.50625,10.768999123697848,5.050986135152225,1.4019507150480566,11.31875,10.568572625547384,5.419146467618319,1.404663774481055,12.45625,11.951298405454484,4.177090606809958,1.3113943897226725,-637.8859375000001,851.0666666666666,1.0442726517024894,-2.292510738668913
180,Alma Mater Studiorum - University of Bologna,100.8375,99.68098050522579,16.987086087672612,1.155491670938403,124.13125,123.12422700332462,17.74018104297419,1.1283818427368184,136.6375,135.1069846337115,23.218389129093357,1.1516157864842191,129.8875,128.6230377476093,20.523458376940244,1.1407190879200626,156.04375,154.40444234847263,25.82739506681809,1.1459723256708008,13.801562499999996,0.9541666666666705,2.21007724478637,1.5169472448587566
181,University of Florida,83.25,82.89618079510707,7.8222439235810075,1.0957645682066377,84.54375,84.39916544816629,5.0147867290145065,1.0598253117167626,108.05,107.95101980215316,4.769433928675404,1.0431184165771719,122.7625,122.70476989402573,3.958357456066832,1.030378136929237,146.5875,146.552154065759,3.2984608152894705,1.0219370482294219,15.834375000000001,7.510416666666667,-1.1309457770728844,0.7158535179297131
182,Dartmouth College,7.49375,6.861949628614773,4.4874782381087925,1.4381886295565631,8.46875,7.734687653188605,4.800939849394075,1.4635118552702724,8.00625,7.389992982410392,4.117791997843021,1.4364827148281258,9.2125,8.81216470390858,3.594070637870097,1.3029993955931871,7.925,7.345814770012332,3.780790261307813,1.4317821946788114,0.10781249999999987,-0.7541666666666668,-0.17667199420024493,-0.04224732928252214
183,Universiti Kebangsaan Malaysia (UKM),17.0125,15.175902194131758,9.852022317778218,1.5581842832912551,15.45,13.955425314664446,9.481429217159198,1.492298068953287,14.0125,12.860213443792118,7.21195838520994,1.4629317464356364,14.425,12.701718128450493,9.575717988746337,1.5725279301616382,15.5125,14.064341083566807,9.354803244857699,1.481203935647081,-0.375,0.8833333333333329,-0.1243047682301297,0.04989278557679396
184,University of Rochester,89.1375,88.65989165082725,9.061931016621129,1.1103458408165594,88.725,88.51448158216321,6.111413502619503,1.0714186651807374,108.78125,108.69565165256358,4.32820961108632,1.0404277371230999,123.30188679245283,123.27761580757848,2.539634790218309,1.019673601551605,146.7,146.68053674805557,2.397394418947375,1.0163981557869715,14.390624999999996,7.936871069182388,-1.6661341494184385,0.9360923809102305
185,Case Western Reserve University,14.55,13.859371972546088,4.935585071701219,1.353586225343211,13.0875,12.43447763872252,5.108066537350511,1.342124864988081,13.4625,12.765878467596226,5.266506788185124,1.351883031746205,17.1875,16.92816646782299,3.741970570434781,1.1703667132484084,14.05,13.725604609718706,3.4709508783617253,1.2262809836255715,-0.125,-0.558333333333333,-0.3661585483348734,-0.1478337192407825
186,Universität Freiburg im Breisgau,92.49375,92.05636817273644,9.142617838316351,1.1014229819669639,119.1,118.98733967172126,5.217997700267798,1.0443047438891022,127.35625,127.29109869080322,4.084034272321914,1.0324679202970186,93.4,93.3829831993859,1.8069310999592703,1.019146560604977,115.68125,115.66640410932172,1.8653815795970516,1.0160986607690472,5.796875,-1.4416666666666629,-1.819309064679825,1.3276902058954447
187,Vrije Universiteit Brussel (VUB),78.3625,78.34573205976808,1.6450208965238142,1.0207532744336099,81.85625,81.84132100438993,1.6157307750674297,1.0189709682426984,104.40625,104.38322382370012,2.242478748505769,1.0209914269487457,122.3875,122.37133410778274,2.055442470613081,1.0161191369408769,144.20625,144.20325076644508,0.9427146638829764,1.0064268410585258,16.460937500000004,6.108333333333334,-0.17557655816020945,-0.36114589509124007
188,King Fahd University of Petroleum & Minerals,7.95625,6.856166298255854,6.2683200251343205,1.6225822500295926,9.925,8.644542250273291,6.591234709824857,1.6177290156218564,9.425,8.256001592720562,6.521646647894989,1.5857786884703793,1565.0,1564.9999999999998,0.0,1.0,11.79375,10.504061137922674,7.747658416418496,1.5223989758185812,0.9593750000000227,-518.3916666666667,0.3698345978210438,2.4749145772426533
189,University of Colorado Boulder,78.98125,78.85366298077712,4.62394836016797,1.057639553699553,83.13125,83.04500423535602,3.8812399355746976,1.0460384381034042,105.025,104.96297922044344,3.6978879106863154,1.0345454032978443,123.71875,123.70299040899421,2.006775632077488,1.0159602838049842,144.96875,144.94569312944725,2.6325412508638872,1.0178335764575832,16.496875,5.700000000000003,-0.4978517773260206,0.45615801445989046
190,Technische Universität Dresden,85.93125,85.87830932920397,3.062110944675256,1.0354604380986214,114.3875,114.3852296905154,0.7244610065421087,1.0063038956291743,123.1125,123.11145196792386,0.5121950312136967,1.0041177256373406,92.08125,92.08044924577577,0.3868442031360932,1.0041638187896882,113.06875,113.06835955665747,0.29836795655699894,1.0026260321998894,6.784374999999997,-2.4895833333333335,-0.6909357470295643,0.7497245638513509
191,University of Virginia,88.90625,88.43569345463344,9.00333054694206,1.1095030585729624,87.925,87.7220370975879,5.916660798119155,1.070718395017777,106.79375,106.72045284476397,3.9891992852576315,1.0375967843880076,121.7125,121.7078933520213,1.0629410849148662,1.00872204155429,145.45,145.43929786626177,1.7705931209625765,1.0121837533566007,14.135937499999997,8.239583333333329,-1.8081843564948707,1.2647739282902049
192,Universitat Autònoma de Barcelona,86.95625,86.65245328021814,7.41649081018105,1.086371568434148,118.4375,118.33974873968646,4.849855023606375,1.0413106451848968,119.39375,119.34958541863206,3.2617036863424613,1.0275154921098597,85.625,85.6121334064558,1.4905955185763842,1.0174520246723249,89.85,89.83460272663267,1.670329308849002,1.0186478116050273,0.7234374999999993,-9.085416666666669,-1.436540375333012,0.9154565256157641
193,University College Dublin,11.11875,10.46820155583714,4.535101811150444,1.3831404196462491,11.33125,10.630598899850074,4.602610502475741,1.4031685440246697,28.6625,28.655384671353673,0.6313428149587198,1.0226664377987453,11.33125,10.805892164135406,4.109017332343586,1.3329117510001203,11.475,10.903282903601683,4.180236237343531,1.3545947631687614,0.08906250000000027,-0.02291666666666714,-0.0887163934517281,0.001236737891549063
194,University of Reading,7.275,6.7077299678734,3.433201858324093,1.4596580129289067,7.3625,6.850696177333419,3.404936673419936,1.4169970792229167,8.675,7.877865402981111,4.2990551287463035,1.5212760243362327,1864.0,1863.9999999999998,0.0,1.0,7.39375,6.926140021638501,3.1106608522145263,1.4041153707839364,0.029687500000022737,-618.8979166666667,-0.0806352515273917,1.046308679039561
195,Vanderbilt University,77.4125,77.3575094599766,3.0153513476873686,1.0377856063003859,81.90625,81.86968279068657,2.5144504245460877,1.0299246954514854,104.15,104.095003013392,3.494996423460256,1.0325039175565687,122.50625,122.4923696998593,1.8808139029420097,1.015018358976687,953.7218045112782,86.05144485711192,1666.3421168616064,14.816734238980356,219.07732612781953,275.57393483709274,415.8316913784798,554.9874012939352
196,University of Göttingen,92.48125,92.03823048993088,9.206636108671818,1.1020807078468633,119.2375,119.12905718277983,5.12650892420953,1.0434056771982303,126.8625,126.79704373399026,4.099523600371147,1.0325525461904475,93.81132075471699,93.80151243426805,1.3559550062142263,1.0145695322427872,115.88125,115.86961619485074,1.648377516681176,1.0142438731316374,5.849999999999998,-1.562106918238996,-1.8895646479976604,1.4575165649764126
197,Keio University,16.2375,14.604661200454268,9.601098569955424,1.5182183210470221,16.8375,15.363425282923027,8.931606448450347,1.4809375882116924,3223.0,3222.9999999999986,0.0,1.0,281.4166666666667,45.16814018022635,613.1436017678802,6.833309559082315,18.71875,17.15679714671153,9.414199298798597,1.4698647998628793,0.6203124999999119,-87.76597222222215,-0.04672481778919746,-201.01997011585885
198,Vienna University of Technology,36.2125,36.174191243248245,1.7726657186283015,1.045684392567504,51.01875,51.01845397979495,0.17577951388031482,1.0033930131719015,90.06875,90.06657247525625,0.6434465304125879,1.0068841038510452,87.06875,87.06540047782376,0.7915323350944025,1.008653464827147,118.025,118.02458817136203,0.3152380053229609,1.0026306808417083,20.453125,5.383333333333337,-0.3643569283263351,0.37353062499218165
199,Stockholms universitet,84.76875,84.75207067715021,1.7256226231421488,1.0197791681038653,114.725,114.69620195314359,2.659769726874866,1.0222755616152763,121.6375,121.61206843741982,2.5920250288143323,1.0202370266093876,91.8125,91.78225778924396,2.449968112037379,1.025499612875069,113.60625,113.57843234803447,2.6436170179320753,1.0218209239492562,7.209375000000001,-2.7208333333333314,0.22949859869748163,-0.24683273261267366
